frame_id,timestamp_sec,player_id,wrist_speed,forearm_angular_vel,is_visual_snap,arm,wrist_speed_px,snap_peak_frame
0,0.0,Player_Near,0.0,0.0,0,none,0.0,
0,0.0,Player_Far,0.0,0.0,0,none,0.0,
1,0.02,Player_Near,0.00404,0.24,0,left,2.91,
1,0.02,Player_Far,0.00268,2.14,0,left,1.93,
2,0.04,Player_Near,0.02678,3.551,0,left,19.28,
2,0.04,Player_Far,0.00023,1.753,0,left,0.17,
3,0.06,Player_Near,0.15797,0.48,0,left,113.74,
3,0.06,Player_Far,0.00087,0.636,0,left,0.62,
4,0.08,Player_Near,0.0127,0.611,0,left,9.14,
4,0.08,Player_Far,0.00161,1.013,0,left,1.16,
5,0.1,Player_Near,0.00315,1.225,0,left,2.27,
5,0.1,Player_Far,0.1512,3.902,0,left,108.86,
6,0.12,Player_Near,0.08469,1.774,0,left,60.97,
6,0.12,Player_Far,0.00568,2.673,0,left,4.09,
7,0.14,Player_Near,0.01016,2.298,0,left,7.31,
7,0.14,Player_Far,0.00827,4.317,0,left,5.96,
8,0.16,Player_Near,0.22063,4.77,0,left,158.86,
8,0.16,Player_Far,0.1393,3.447,0,left,100.29,
9,0.18,Player_Near,0.07002,1.844,0,left,50.42,
9,0.18,Player_Far,0.01056,5.471,0,left,7.6,
10,0.2,Player_Near,0.00277,4.191,0,left,2.0,
10,0.2,Player_Far,0.127,2.897,0,right,91.44,
11,0.22,Player_Near,0.00433,2.739,0,left,3.12,
11,0.22,Player_Far,0.16435,8.901,0,left,118.33,
12,0.24,Player_Near,0.0011,2.352,0,left,0.8,
12,0.24,Player_Far,0.13544,4.397,0,left,97.51,
13,0.26,Player_Near,0.00651,1.64,0,right,4.69,
13,0.26,Player_Far,0.01973,8.592,0,left,14.2,
14,0.28,Player_Near,0.14367,0.849,0,right,103.44,
14,0.28,Player_Far,0.01886,3.863,0,left,13.58,
15,0.3,Player_Near,0.07911,0.919,0,right,56.96,
15,0.3,Player_Far,0.01714,2.227,0,left,12.34,
16,0.32,Player_Near,0.00876,1.808,0,right,6.31,
16,0.32,Player_Far,0.019,0.487,0,right,13.68,
17,0.34,Player_Near,0.07413,0.13,0,right,53.37,
17,0.34,Player_Far,0.01433,5.843,0,left,10.31,
18,0.36,Player_Near,0.03002,0.948,0,right,21.62,
18,0.36,Player_Far,0.0196,1.928,0,right,14.11,
19,0.38,Player_Near,0.0297,0.365,0,right,21.38,
19,0.38,Player_Far,0.01894,0.182,0,right,13.64,
20,0.4,Player_Near,0.07564,1.025,0,right,54.46,
20,0.4,Player_Far,0.019,0.781,0,right,13.68,
21,0.42,Player_Near,0.03048,0.282,0,right,21.94,
21,0.42,Player_Far,0.01923,0.257,0,right,13.85,
22,0.44,Player_Near,0.07514,0.419,0,right,54.1,
22,0.44,Player_Far,0.0569,5.032,0,left,40.97,
23,0.46,Player_Near,0.09999,2.021,0,left,71.99,
23,0.46,Player_Far,0.01571,5.207,0,left,11.31,
24,0.48,Player_Near,0.0057,0.107,0,left,4.1,
24,0.48,Player_Far,0.01679,5.347,0,left,12.09,
25,0.5,Player_Near,0.10164,6.341,0,left,73.18,
25,0.5,Player_Far,0.01368,3.082,0,left,9.85,
26,0.52,Player_Near,0.07645,8.124,0,left,55.04,
26,0.52,Player_Far,0.01069,1.924,0,left,7.7,
27,0.54,Player_Near,0.11061,7.676,0,left,79.64,
27,0.54,Player_Far,0.01694,3.43,0,right,12.2,
28,0.56,Player_Near,0.00903,7.786,0,left,6.5,
28,0.56,Player_Far,0.01964,5.567,0,right,14.14,
29,0.58,Player_Near,0.06879,4.067,0,left,49.53,
29,0.58,Player_Far,0.01213,1.568,0,right,8.73,
30,0.6,Player_Near,0.01838,11.919,0,left,13.23,
30,0.6,Player_Far,0.01737,5.28,0,right,12.51,
31,0.62,Player_Near,0.00421,6.626,0,left,3.03,
31,0.62,Player_Far,0.01231,3.498,0,right,8.86,
32,0.64,Player_Near,0.07097,2.864,0,left,51.1,
32,0.64,Player_Far,0.01093,4.017,0,right,7.87,
33,0.66,Player_Near,0.15328,3.261,0,left,110.36,
33,0.66,Player_Far,0.00477,0.114,0,right,3.43,
34,0.68,Player_Near,0.129,5.415,0,left,92.88,
34,0.68,Player_Far,0.00945,4.804,0,right,6.8,
35,0.7,Player_Near,0.06447,8.307,0,left,46.42,
35,0.7,Player_Far,0.00953,3.691,0,left,6.86,
36,0.72,Player_Near,0.08958,10.11,0,left,64.5,
36,0.72,Player_Far,0.00965,4.535,0,left,6.94,
37,0.74,Player_Near,0.02749,9.838,0,left,19.79,
37,0.74,Player_Far,0.00647,3.674,0,left,4.66,
38,0.76,Player_Near,0.03384,28.059,0,left,24.36,
38,0.76,Player_Far,0.0995,1.994,0,right,71.64,
39,0.78,Player_Near,0.15879,2.727,0,left,114.33,
39,0.78,Player_Far,0.00038,1.292,0,right,0.27,
40,0.8,Player_Near,0.01295,1.392,0,left,9.33,
40,0.8,Player_Far,0.001,0.266,0,right,0.72,
41,0.82,Player_Near,0.05573,10.141,0,left,40.13,
41,0.82,Player_Far,0.09659,0.883,0,right,69.54,
42,0.84,Player_Near,0.12484,19.954,0,left,89.88,
42,0.84,Player_Far,0.00285,0.745,0,right,2.05,
43,0.86,Player_Near,0.08067,29.931,0,left,58.08,
43,0.86,Player_Far,0.00173,0.998,0,left,1.25,
44,0.88,Player_Near,0.17927,10.623,0,right,129.07,
44,0.88,Player_Far,0.00181,1.159,0,left,1.31,
45,0.9,Player_Near,0.10541,10.44,0,right,75.89,
45,0.9,Player_Far,0.00185,1.314,0,left,1.33,
46,0.92,Player_Near,0.03374,6.558,0,right,24.3,
46,0.92,Player_Far,0.0718,0.997,0,right,51.7,
47,0.94,Player_Near,0.03281,3.492,0,right,23.62,
47,0.94,Player_Far,0.067,0.715,0,right,48.24,
48,0.96,Player_Near,0.0069,3.313,0,right,4.97,
48,0.96,Player_Far,0.00255,0.701,0,right,1.83,
49,0.98,Player_Near,0.21876,7.916,0,left,157.51,
49,0.98,Player_Far,0.00236,0.656,0,right,1.7,
50,1.0,Player_Near,0.024,1.773,0,left,17.28,
50,1.0,Player_Far,0.00201,0.445,0,right,1.45,
51,1.02,Player_Near,0.06672,16.606,0,left,48.04,
51,1.02,Player_Far,0.00147,0.445,0,left,1.06,
52,1.04,Player_Near,0.0814,5.436,0,left,58.61,
52,1.04,Player_Far,0.00204,0.511,0,right,1.47,
53,1.06,Player_Near,0.12191,9.382,0,left,87.78,
53,1.06,Player_Far,0.00182,0.402,0,right,1.31,
54,1.08,Player_Near,0.01126,7.546,0,right,8.1,
54,1.08,Player_Far,0.00174,0.729,0,right,1.26,
55,1.1,Player_Near,0.20305,17.616,0,left,146.2,
55,1.1,Player_Far,0.00088,0.172,0,right,0.63,
56,1.12,Player_Near,0.01383,21.151,0,left,9.96,
56,1.12,Player_Far,0.00055,0.307,0,right,0.39,
57,1.14,Player_Near,0.0818,31.069,0,left,58.9,
57,1.14,Player_Far,0.00136,0.745,0,right,0.98,
58,1.16,Player_Near,0.14768,29.527,0,left,106.33,
58,1.16,Player_Far,0.00148,0.751,0,right,1.07,
59,1.18,Player_Near,0.01103,12.088,0,left,7.94,
59,1.18,Player_Far,0.00318,2.364,0,right,2.29,
60,1.2,Player_Near,0.01985,13.416,0,right,14.29,
60,1.2,Player_Far,0.00347,2.972,0,right,2.5,
61,1.22,Player_Near,0.01217,7.627,0,right,8.76,
61,1.22,Player_Far,0.00396,3.133,0,right,2.85,
62,1.24,Player_Near,0.07904,4.316,0,left,56.91,
62,1.24,Player_Far,0.00386,3.133,0,right,2.78,
63,1.26,Player_Near,0.07933,8.0,0,right,57.11,
63,1.26,Player_Far,0.07013,2.754,0,right,50.49,
64,1.28,Player_Near,0.16323,9.374,0,right,117.52,
64,1.28,Player_Far,0.00455,3.633,0,right,3.27,
65,1.3,Player_Near,0.13992,6.117,0,right,100.74,
65,1.3,Player_Far,0.06917,3.188,0,right,49.8,
66,1.32,Player_Near,0.17849,4.985,0,right,128.51,
66,1.32,Player_Far,0.07039,3.588,0,right,50.68,
67,1.34,Player_Near,0.06609,7.237,0,right,47.58,
67,1.34,Player_Far,0.00603,3.524,0,right,4.34,
68,1.36,Player_Near,0.06496,4.451,0,right,46.77,
68,1.36,Player_Far,0.00454,2.359,0,right,3.27,
69,1.38,Player_Near,0.12021,4.589,0,right,86.55,
69,1.38,Player_Far,0.00417,2.354,0,right,3.0,
70,1.4,Player_Near,0.1354,2.401,0,right,97.49,
70,1.4,Player_Far,0.0035,1.774,0,right,2.52,
71,1.42,Player_Near,0.11048,4.299,0,right,79.55,
71,1.42,Player_Far,0.00499,2.456,0,right,3.59,
72,1.44,Player_Near,0.13103,5.493,0,right,94.34,
72,1.44,Player_Far,0.00475,2.531,0,right,3.42,
73,1.46,Player_Near,0.1139,4.606,0,right,82.01,
73,1.46,Player_Far,0.00432,2.15,0,right,3.11,
74,1.48,Player_Near,0.20452,5.058,0,right,147.25,
74,1.48,Player_Far,0.00348,1.578,0,right,2.5,
75,1.5,Player_Near,0.16623,3.515,0,right,119.69,
75,1.5,Player_Far,0.00657,3.26,0,right,4.73,
76,1.52,Player_Near,0.14274,5.253,0,right,102.77,
76,1.52,Player_Far,0.00428,1.632,0,right,3.08,
77,1.54,Player_Near,0.22244,3.799,0,right,160.16,
77,1.54,Player_Far,0.00548,1.618,0,right,3.94,
78,1.56,Player_Near,0.15154,6.463,0,right,109.11,
78,1.56,Player_Far,0.07027,2.467,0,right,50.6,
79,1.58,Player_Near,0.14588,6.408,0,right,105.03,
79,1.58,Player_Far,0.00835,2.954,0,right,6.01,
80,1.6,Player_Near,0.13194,4.314,0,right,95.0,
80,1.6,Player_Far,0.07609,2.356,0,right,54.78,
81,1.62,Player_Near,0.06397,3.773,0,right,46.06,
81,1.62,Player_Far,0.00561,2.13,0,right,4.04,
82,1.64,Player_Near,0.06978,11.349,0,right,50.24,
82,1.64,Player_Far,0.07464,2.565,0,right,53.74,
83,1.66,Player_Near,0.13952,11.475,0,right,100.45,
83,1.66,Player_Far,0.00649,2.955,0,right,4.67,
84,1.68,Player_Near,0.05365,11.363,0,right,38.63,
84,1.68,Player_Far,0.07353,1.483,0,right,52.94,
85,1.7,Player_Near,0.09473,8.921,0,right,68.21,
85,1.7,Player_Far,0.15575,1.658,0,right,112.14,
86,1.72,Player_Near,0.14207,15.417,0,left,102.29,
86,1.72,Player_Far,0.07009,0.358,0,right,50.46,
87,1.74,Player_Near,0.37053,1.368,0,left,266.78,
87,1.74,Player_Far,0.00369,1.887,0,right,2.66,
88,1.76,Player_Near,0.62609,105.528,0,left,450.78,
88,1.76,Player_Far,0.07096,1.373,0,right,51.09,
89,1.78,Player_Near,1.3858,771.79,0,left,997.78,
89,1.78,Player_Far,0.06958,0.363,0,right,50.1,
90,1.8,Player_Near,1.02264,681.026,0,left,736.3,
90,1.8,Player_Far,0.00247,1.636,0,right,1.78,
91,1.82,Player_Near,0.03996,131.302,1,left,28.77,89
91,1.82,Player_Far,0.00181,1.301,0,right,1.3,
92,1.84,Player_Near,0.41694,317.814,0,left,300.2,
92,1.84,Player_Far,0.06998,0.268,0,right,50.39,
93,1.86,Player_Near,0.09197,160.956,0,left,66.21,
93,1.86,Player_Far,0.07063,0.899,0,left,50.85,
94,1.88,Player_Near,0.2378,264.658,0,left,171.21,
94,1.88,Player_Far,0.06942,0.651,0,left,49.98,
95,1.9,Player_Near,0.36727,136.877,0,left,264.43,
95,1.9,Player_Far,0.07021,0.844,0,left,50.55,
96,1.92,Player_Near,0.03707,75.45,0,left,26.69,
96,1.92,Player_Far,0.00117,0.926,0,left,0.84,
97,1.94,Player_Near,0.34472,182.6,0,left,248.2,
97,1.94,Player_Far,0.06844,0.766,0,left,49.28,
98,1.96,Player_Near,0.68568,157.878,0,left,493.69,
98,1.96,Player_Far,0.09895,1.441,0,left,71.24,
99,1.98,Player_Near,0.57076,80.707,0,left,410.94,
99,1.98,Player_Far,0.00108,0.95,0,left,0.78,
100,2.0,Player_Near,0.84561,248.318,0,left,608.84,
100,2.0,Player_Far,0.06912,0.822,0,left,49.77,
101,2.02,Player_Near,0.6909,182.395,0,left,497.45,
101,2.02,Player_Far,0.00058,0.965,0,left,0.42,
102,2.04,Player_Near,1.02102,331.764,0,left,735.14,
102,2.04,Player_Far,0.00057,1.051,0,left,0.41,
103,2.06,Player_Near,0.93708,12.375,0,left,674.69,
103,2.06,Player_Far,0.00068,0.169,0,right,0.49,
104,2.08,Player_Near,0.64039,120.424,0,left,461.08,
104,2.08,Player_Far,0.00057,0.1,0,right,0.41,
105,2.1,Player_Near,22.14293,339.402,0,left,15942.91,
105,2.1,Player_Far,18.94103,31.427,0,right,13637.54,
106,2.12,Player_Near,1.03676,5362.529,0,left,746.47,
106,2.12,Player_Far,1.4708,326.469,0,right,1058.98,
107,2.14,Player_Near,0.33584,858.82,1,left,241.8,105
107,2.14,Player_Far,3.38542,91.929,1,right,2437.5,105
108,2.16,Player_Near,0.30049,128.597,0,left,216.36,
108,2.16,Player_Far,0.12732,333.736,0,right,91.67,
109,2.18,Player_Near,0.27138,78.279,0,left,195.39,
109,2.18,Player_Far,0.15097,47.731,1,right,108.7,107
110,2.2,Player_Near,0.07912,78.656,0,right,56.97,
110,2.2,Player_Far,3.86246,852.709,0,left,2780.97,
111,2.22,Player_Near,1.53744,1509.095,0,left,1106.96,
111,2.22,Player_Far,0.09687,221.048,0,left,69.74,
112,2.24,Player_Near,0.40198,762.887,0,left,289.43,
112,2.24,Player_Far,0.02468,36.429,1,left,17.77,110
113,2.26,Player_Near,0.65215,967.012,1,left,469.55,111
113,2.26,Player_Far,0.01969,10.619,0,left,14.18,
114,2.28,Player_Near,0.25938,192.131,0,left,186.76,
114,2.28,Player_Far,0.03926,185.473,0,left,28.27,
115,2.3,Player_Near,3.30908,3616.154,0,left,2382.54,
115,2.3,Player_Far,0.01472,32.08,0,right,10.6,
116,2.32,Player_Near,0.32056,569.6,0,left,230.8,
116,2.32,Player_Far,0.02215,1.026,0,right,15.95,
117,2.34,Player_Near,0.16815,5.126,1,left,121.07,115
117,2.34,Player_Far,0.00611,6.817,0,left,4.4,
118,2.36,Player_Near,0.7557,454.445,0,left,544.1,
118,2.36,Player_Far,0.04388,216.694,0,left,31.59,
119,2.38,Player_Near,0.06745,8.593,0,left,48.56,
119,2.38,Player_Far,3.72043,908.941,0,left,2678.71,
