file_name,timestamp_sec,label
Hailey Baptiste vs Barbora Krejcikova | Round 1 Highlights | Roland-Garros 2026_720p.mp4,0.093,grunt_speech
Hailey Baptiste vs Barbora Krejcikova | Round 1 Highlights | Roland-Garros 2026_720p.mp4,3.344,racket_hit
Hailey Baptiste vs Barbora Krejcikova | Round 1 Highlights | Roland-Garros 2026_720p.mp4,3.889,shoe_squeak
Hailey Baptiste vs Barbora Krejcikova | Round 1 Highlights | Roland-Garros 2026_720p.mp4,4.110,racket_hit
Hailey Baptiste vs Barbora Krejcikova | Round 1 Highlights | Roland-Garros 2026_720p.mp4,4.911,ambient_noise
Hailey Baptiste vs Barbora Krejcikova | Round 1 Highlights | Roland-Garros 2026_720p.mp4,5.248,ambient_noise
Hailey Baptiste vs Barbora Krejcikova | Round 1 Highlights | Roland-Garros 2026_720p.mp4,5.921,racket_hit
Hailey Baptiste vs Barbora Krejcikova | Round 1 Highlights | Roland-Garros 2026_720p.mp4,6.362,ambient_noise
Hailey Baptiste vs Barbora Krejcikova | Round 1 Highlights | Roland-Garros 2026_720p.mp4,6.548,ambient_noise
Hailey Baptiste vs Barbora Krejcikova | Round 1 Highlights | Roland-Garros 2026_720p.mp4,6.850,grunt_speech
Hailey Baptiste vs Barbora Krejcikova | Round 1 Highlights | Roland-Garros 2026_720p.mp4,7.082,racket_hit
Hailey Baptiste vs Barbora Krejcikova | Round 1 Highlights | Roland-Garros 2026_720p.mp4,7.407,ambient_noise
Hailey Baptiste vs Barbora Krejcikova | Round 1 Highlights | Roland-Garros 2026_720p.mp4,8.464,racket_hit
Hailey Baptiste vs Barbora Krejcikova | Round 1 Highlights | Roland-Garros 2026_720p.mp4,8.789,ambient_noise
Hailey Baptiste vs Barbora Krejcikova | Round 1 Highlights | Roland-Garros 2026_720p.mp4,9.706,ambient_noise
Hailey Baptiste vs Barbora Krejcikova | Round 1 Highlights | Roland-Garros 2026_720p.mp4,10.321,racket_hit
Hailey Baptiste vs Barbora Krejcikova | Round 1 Highlights | Roland-Garros 2026_720p.mp4,11.401,ambient_noise
Hailey Baptiste vs Barbora Krejcikova | Round 1 Highlights | Roland-Garros 2026_720p.mp4,12.190,ambient_noise
Hailey Baptiste vs Barbora Krejcikova | Round 1 Highlights | Roland-Garros 2026_720p.mp4,12.817,ambient_noise
Hailey Baptiste vs Barbora Krejcikova | Round 1 Highlights | Roland-Garros 2026_720p.mp4,13.595,ambient_noise
Hailey Baptiste vs Barbora Krejcikova | Round 1 Highlights | Roland-Garros 2026_720p.mp4,14.663,grunt_speech
Hailey Baptiste vs Barbora Krejcikova | Round 1 Highlights | Roland-Garros 2026_720p.mp4,15.360,grunt_speech
Hailey Baptiste vs Barbora Krejcikova | Round 1 Highlights | Roland-Garros 2026_720p.mp4,16.057,grunt_speech
Hailey Baptiste vs Barbora Krejcikova | Round 1 Highlights | Roland-Garros 2026_720p.mp4,20.108,grunt_speech
Hailey Baptiste vs Barbora Krejcikova | Round 1 Highlights | Roland-Garros 2026_720p.mp4,20.271,racket_hit
Hailey Baptiste vs Barbora Krejcikova | Round 1 Highlights | Roland-Garros 2026_720p.mp4,20.886,ambient_noise
Hailey Baptiste vs Barbora Krejcikova | Round 1 Highlights | Roland-Garros 2026_720p.mp4,21.130,racket_hit
Hailey Baptiste vs Barbora Krejcikova | Round 1 Highlights | Roland-Garros 2026_720p.mp4,21.560,ambient_noise
Hailey Baptiste vs Barbora Krejcikova | Round 1 Highlights | Roland-Garros 2026_720p.mp4,21.908,ambient_noise
Hailey Baptiste vs Barbora Krejcikova | Round 1 Highlights | Roland-Garros 2026_720p.mp4,22.338,racket_hit
Hailey Baptiste vs Barbora Krejcikova | Round 1 Highlights | Roland-Garros 2026_720p.mp4,22.535,ambient_noise
Hailey Baptiste vs Barbora Krejcikova | Round 1 Highlights | Roland-Garros 2026_720p.mp4,22.756,ambient_noise
Hailey Baptiste vs Barbora Krejcikova | Round 1 Highlights | Roland-Garros 2026_720p.mp4,23.162,ambient_noise
Hailey Baptiste vs Barbora Krejcikova | Round 1 Highlights | Roland-Garros 2026_720p.mp4,23.650,grunt_speech
Hailey Baptiste vs Barbora Krejcikova | Round 1 Highlights | Roland-Garros 2026_720p.mp4,23.917,racket_hit
Hailey Baptiste vs Barbora Krejcikova | Round 1 Highlights | Roland-Garros 2026_720p.mp4,24.903,ambient_noise
Hailey Baptiste vs Barbora Krejcikova | Round 1 Highlights | Roland-Garros 2026_720p.mp4,25.333,racket_hit
Hailey Baptiste vs Barbora Krejcikova | Round 1 Highlights | Roland-Garros 2026_720p.mp4,25.623,ambient_noise
Hailey Baptiste vs Barbora Krejcikova | Round 1 Highlights | Roland-Garros 2026_720p.mp4,26.297,ambient_noise
Hailey Baptiste vs Barbora Krejcikova | Round 1 Highlights | Roland-Garros 2026_720p.mp4,26.703,racket_hit
Hailey Baptiste vs Barbora Krejcikova | Round 1 Highlights | Roland-Garros 2026_720p.mp4,27.225,ambient_noise
Hailey Baptiste vs Barbora Krejcikova | Round 1 Highlights | Roland-Garros 2026_720p.mp4,27.423,ambient_noise
Hailey Baptiste vs Barbora Krejcikova | Round 1 Highlights | Roland-Garros 2026_720p.mp4,29.431,racket_hit
Hailey Baptiste vs Barbora Krejcikova | Round 1 Highlights | Roland-Garros 2026_720p.mp4,29.722,grunt_speech
Hailey Baptiste vs Barbora Krejcikova | Round 1 Highlights | Roland-Garros 2026_720p.mp4,30.174,grunt_speech
Hailey Baptiste vs Barbora Krejcikova | Round 1 Highlights | Roland-Garros 2026_720p.mp4,32.264,grunt_speech
Hailey Baptiste vs Barbora Krejcikova | Round 1 Highlights | Roland-Garros 2026_720p.mp4,38.011,racket_hit
Hailey Baptiste vs Barbora Krejcikova | Round 1 Highlights | Roland-Garros 2026_720p.mp4,38.499,ambient_noise
Hailey Baptiste vs Barbora Krejcikova | Round 1 Highlights | Roland-Garros 2026_720p.mp4,38.789,racket_hit
Hailey Baptiste vs Barbora Krejcikova | Round 1 Highlights | Roland-Garros 2026_720p.mp4,38.986,grunt_speech
Hailey Baptiste vs Barbora Krejcikova | Round 1 Highlights | Roland-Garros 2026_720p.mp4,39.369,shoe_squeak
Hailey Baptiste vs Barbora Krejcikova | Round 1 Highlights | Roland-Garros 2026_720p.mp4,40.263,racket_hit
Hailey Baptiste vs Barbora Krejcikova | Round 1 Highlights | Roland-Garros 2026_720p.mp4,40.786,ambient_noise
Hailey Baptiste vs Barbora Krejcikova | Round 1 Highlights | Roland-Garros 2026_720p.mp4,41.192,ambient_noise
Hailey Baptiste vs Barbora Krejcikova | Round 1 Highlights | Roland-Garros 2026_720p.mp4,41.459,ambient_noise
Hailey Baptiste vs Barbora Krejcikova | Round 1 Highlights | Roland-Garros 2026_720p.mp4,41.912,racket_hit
Hailey Baptiste vs Barbora Krejcikova | Round 1 Highlights | Roland-Garros 2026_720p.mp4,42.249,ambient_noise
Hailey Baptiste vs Barbora Krejcikova | Round 1 Highlights | Roland-Garros 2026_720p.mp4,42.597,ambient_noise
Hailey Baptiste vs Barbora Krejcikova | Round 1 Highlights | Roland-Garros 2026_720p.mp4,42.957,ambient_noise
Hailey Baptiste vs Barbora Krejcikova | Round 1 Highlights | Roland-Garros 2026_720p.mp4,43.468,racket_hit
Hailey Baptiste vs Barbora Krejcikova | Round 1 Highlights | Roland-Garros 2026_720p.mp4,43.897,shoe_squeak
Hailey Baptiste vs Barbora Krejcikova | Round 1 Highlights | Roland-Garros 2026_720p.mp4,44.246,ambient_noise
Hailey Baptiste vs Barbora Krejcikova | Round 1 Highlights | Roland-Garros 2026_720p.mp4,44.524,ambient_noise
Hailey Baptiste vs Barbora Krejcikova | Round 1 Highlights | Roland-Garros 2026_720p.mp4,44.826,racket_hit
Hailey Baptiste vs Barbora Krejcikova | Round 1 Highlights | Roland-Garros 2026_720p.mp4,45.372,ambient_noise
Hailey Baptiste vs Barbora Krejcikova | Round 1 Highlights | Roland-Garros 2026_720p.mp4,46.869,grunt_speech
Hailey Baptiste vs Barbora Krejcikova | Round 1 Highlights | Roland-Garros 2026_720p.mp4,48.332,grunt_speech
Hailey Baptiste vs Barbora Krejcikova | Round 1 Highlights | Roland-Garros 2026_720p.mp4,49.157,grunt_speech
Hailey Baptiste vs Barbora Krejcikova | Round 1 Highlights | Roland-Garros 2026_720p.mp4,49.691,ambient_noise
Hailey Baptiste vs Barbora Krejcikova | Round 1 Highlights | Roland-Garros 2026_720p.mp4,52.941,grunt_speech
Hailey Baptiste vs Barbora Krejcikova | Round 1 Highlights | Roland-Garros 2026_720p.mp4,53.162,racket_hit
Hailey Baptiste vs Barbora Krejcikova | Round 1 Highlights | Roland-Garros 2026_720p.mp4,53.766,ambient_noise
Hailey Baptiste vs Barbora Krejcikova | Round 1 Highlights | Roland-Garros 2026_720p.mp4,54.381,ambient_noise
Hailey Baptiste vs Barbora Krejcikova | Round 1 Highlights | Roland-Garros 2026_720p.mp4,55.275,ambient_noise
Hailey Baptiste vs Barbora Krejcikova | Round 1 Highlights | Roland-Garros 2026_720p.mp4,55.681,racket_hit
Hailey Baptiste vs Barbora Krejcikova | Round 1 Highlights | Roland-Garros 2026_720p.mp4,55.890,ambient_noise
Hailey Baptiste vs Barbora Krejcikova | Round 1 Highlights | Roland-Garros 2026_720p.mp4,56.390,ambient_noise
Hailey Baptiste vs Barbora Krejcikova | Round 1 Highlights | Roland-Garros 2026_720p.mp4,56.935,racket_hit
Hailey Baptiste vs Barbora Krejcikova | Round 1 Highlights | Roland-Garros 2026_720p.mp4,57.121,ambient_noise
Hailey Baptiste vs Barbora Krejcikova | Round 1 Highlights | Roland-Garros 2026_720p.mp4,57.435,ambient_noise
Hailey Baptiste vs Barbora Krejcikova | Round 1 Highlights | Roland-Garros 2026_720p.mp4,57.760,ambient_noise
Hailey Baptiste vs Barbora Krejcikova | Round 1 Highlights | Roland-Garros 2026_720p.mp4,58.317,racket_hit
Hailey Baptiste vs Barbora Krejcikova | Round 1 Highlights | Roland-Garros 2026_720p.mp4,59.176,ambient_noise
Hailey Baptiste vs Barbora Krejcikova | Round 1 Highlights | Roland-Garros 2026_720p.mp4,59.420,racket_hit
Hailey Baptiste vs Barbora Krejcikova | Round 1 Highlights | Roland-Garros 2026_720p.mp4,59.617,ambient_noise
Hailey Baptiste vs Barbora Krejcikova | Round 1 Highlights | Roland-Garros 2026_720p.mp4,60.198,ambient_noise
Hailey Baptiste vs Barbora Krejcikova | Round 1 Highlights | Roland-Garros 2026_720p.mp4,60.442,ambient_noise
Hailey Baptiste vs Barbora Krejcikova | Round 1 Highlights | Roland-Garros 2026_720p.mp4,60.639,ambient_noise
Hailey Baptiste vs Barbora Krejcikova | Round 1 Highlights | Roland-Garros 2026_720p.mp4,60.929,racket_hit
Hailey Baptiste vs Barbora Krejcikova | Round 1 Highlights | Roland-Garros 2026_720p.mp4,61.127,ambient_noise
Hailey Baptiste vs Barbora Krejcikova | Round 1 Highlights | Roland-Garros 2026_720p.mp4,61.359,ambient_noise
Hailey Baptiste vs Barbora Krejcikova | Round 1 Highlights | Roland-Garros 2026_720p.mp4,61.974,ambient_noise
Hailey Baptiste vs Barbora Krejcikova | Round 1 Highlights | Roland-Garros 2026_720p.mp4,62.322,racket_hit
Hailey Baptiste vs Barbora Krejcikova | Round 1 Highlights | Roland-Garros 2026_720p.mp4,62.822,ambient_noise
Hailey Baptiste vs Barbora Krejcikova | Round 1 Highlights | Roland-Garros 2026_720p.mp4,63.228,ambient_noise
Hailey Baptiste vs Barbora Krejcikova | Round 1 Highlights | Roland-Garros 2026_720p.mp4,63.983,racket_hit
Hailey Baptiste vs Barbora Krejcikova | Round 1 Highlights | Roland-Garros 2026_720p.mp4,64.157,grunt_speech
Hailey Baptiste vs Barbora Krejcikova | Round 1 Highlights | Roland-Garros 2026_720p.mp4,64.505,ambient_noise
Hailey Baptiste vs Barbora Krejcikova | Round 1 Highlights | Roland-Garros 2026_720p.mp4,64.888,racket_hit
Hailey Baptiste vs Barbora Krejcikova | Round 1 Highlights | Roland-Garros 2026_720p.mp4,65.666,ambient_noise
Hailey Baptiste vs Barbora Krejcikova | Round 1 Highlights | Roland-Garros 2026_720p.mp4,65.863,ambient_noise
Hailey Baptiste vs Barbora Krejcikova | Round 1 Highlights | Roland-Garros 2026_720p.mp4,66.026,ambient_noise
Hailey Baptiste vs Barbora Krejcikova | Round 1 Highlights | Roland-Garros 2026_720p.mp4,66.757,ball_bounce
Hailey Baptiste vs Barbora Krejcikova | Round 1 Highlights | Roland-Garros 2026_720p.mp4,68.232,grunt_speech
Hailey Baptiste vs Barbora Krejcikova | Round 1 Highlights | Roland-Garros 2026_720p.mp4,70.798,grunt_speech
Hailey Baptiste vs Barbora Krejcikova | Round 1 Highlights | Roland-Garros 2026_720p.mp4,70.983,grunt_speech
Hailey Baptiste vs Barbora Krejcikova | Round 1 Highlights | Roland-Garros 2026_720p.mp4,71.401,grunt_speech
Hailey Baptiste vs Barbora Krejcikova | Round 1 Highlights | Roland-Garros 2026_720p.mp4,71.970,grunt_speech
Hailey Baptiste vs Barbora Krejcikova | Round 1 Highlights | Roland-Garros 2026_720p.mp4,72.179,grunt_speech
Hailey Baptiste vs Barbora Krejcikova | Round 1 Highlights | Roland-Garros 2026_720p.mp4,72.644,grunt_speech
Hailey Baptiste vs Barbora Krejcikova | Round 1 Highlights | Roland-Garros 2026_720p.mp4,72.818,grunt_speech
Hailey Baptiste vs Barbora Krejcikova | Round 1 Highlights | Roland-Garros 2026_720p.mp4,73.271,ambient_noise
Hailey Baptiste vs Barbora Krejcikova | Round 1 Highlights | Roland-Garros 2026_720p.mp4,73.689,ambient_noise
Hailey Baptiste vs Barbora Krejcikova | Round 1 Highlights | Roland-Garros 2026_720p.mp4,74.768,ambient_noise
Hailey Baptiste vs Barbora Krejcikova | Round 1 Highlights | Roland-Garros 2026_720p.mp4,75.082,ambient_noise
Hailey Baptiste vs Barbora Krejcikova | Round 1 Highlights | Roland-Garros 2026_720p.mp4,75.523,ambient_noise
Hailey Baptiste vs Barbora Krejcikova | Round 1 Highlights | Roland-Garros 2026_720p.mp4,78.820,racket_hit
Hailey Baptiste vs Barbora Krejcikova | Round 1 Highlights | Roland-Garros 2026_720p.mp4,79.006,ambient_noise
Hailey Baptiste vs Barbora Krejcikova | Round 1 Highlights | Roland-Garros 2026_720p.mp4,79.319,ambient_noise
Hailey Baptiste vs Barbora Krejcikova | Round 1 Highlights | Roland-Garros 2026_720p.mp4,79.563,racket_hit
Hailey Baptiste vs Barbora Krejcikova | Round 1 Highlights | Roland-Garros 2026_720p.mp4,79.900,ambient_noise
Hailey Baptiste vs Barbora Krejcikova | Round 1 Highlights | Roland-Garros 2026_720p.mp4,80.260,ambient_noise
Hailey Baptiste vs Barbora Krejcikova | Round 1 Highlights | Roland-Garros 2026_720p.mp4,80.829,ambient_noise
Hailey Baptiste vs Barbora Krejcikova | Round 1 Highlights | Roland-Garros 2026_720p.mp4,81.014,racket_hit
Hailey Baptiste vs Barbora Krejcikova | Round 1 Highlights | Roland-Garros 2026_720p.mp4,81.200,ambient_noise
Hailey Baptiste vs Barbora Krejcikova | Round 1 Highlights | Roland-Garros 2026_720p.mp4,81.804,ambient_noise
Hailey Baptiste vs Barbora Krejcikova | Round 1 Highlights | Roland-Garros 2026_720p.mp4,82.199,racket_hit
Hailey Baptiste vs Barbora Krejcikova | Round 1 Highlights | Roland-Garros 2026_720p.mp4,82.384,ambient_noise
Hailey Baptiste vs Barbora Krejcikova | Round 1 Highlights | Roland-Garros 2026_720p.mp4,82.977,ambient_noise
Hailey Baptiste vs Barbora Krejcikova | Round 1 Highlights | Roland-Garros 2026_720p.mp4,83.174,ambient_noise
Hailey Baptiste vs Barbora Krejcikova | Round 1 Highlights | Roland-Garros 2026_720p.mp4,83.499,ambient_noise
Hailey Baptiste vs Barbora Krejcikova | Round 1 Highlights | Roland-Garros 2026_720p.mp4,83.708,racket_hit
Hailey Baptiste vs Barbora Krejcikova | Round 1 Highlights | Roland-Garros 2026_720p.mp4,83.975,ambient_noise
Hailey Baptiste vs Barbora Krejcikova | Round 1 Highlights | Roland-Garros 2026_720p.mp4,84.555,ambient_noise
Hailey Baptiste vs Barbora Krejcikova | Round 1 Highlights | Roland-Garros 2026_720p.mp4,84.904,racket_hit
Hailey Baptiste vs Barbora Krejcikova | Round 1 Highlights | Roland-Garros 2026_720p.mp4,85.960,ambient_noise
Hailey Baptiste vs Barbora Krejcikova | Round 1 Highlights | Roland-Garros 2026_720p.mp4,86.425,ambient_noise
Hailey Baptiste vs Barbora Krejcikova | Round 1 Highlights | Roland-Garros 2026_720p.mp4,86.657,ambient_noise
Hailey Baptiste vs Barbora Krejcikova | Round 1 Highlights | Roland-Garros 2026_720p.mp4,86.994,ambient_noise
Hailey Baptiste vs Barbora Krejcikova | Round 1 Highlights | Roland-Garros 2026_720p.mp4,87.319,ambient_noise
Hailey Baptiste vs Barbora Krejcikova | Round 1 Highlights | Roland-Garros 2026_720p.mp4,88.178,ambient_noise
Hailey Baptiste vs Barbora Krejcikova | Round 1 Highlights | Roland-Garros 2026_720p.mp4,88.538,ambient_noise
Hailey Baptiste vs Barbora Krejcikova | Round 1 Highlights | Roland-Garros 2026_720p.mp4,89.594,ambient_noise
Hailey Baptiste vs Barbora Krejcikova | Round 1 Highlights | Roland-Garros 2026_720p.mp4,91.394,ambient_noise
Hailey Baptiste vs Barbora Krejcikova | Round 1 Highlights | Roland-Garros 2026_720p.mp4,91.556,racket_hit
Hailey Baptiste vs Barbora Krejcikova | Round 1 Highlights | Roland-Garros 2026_720p.mp4,92.067,ambient_noise
Hailey Baptiste vs Barbora Krejcikova | Round 1 Highlights | Roland-Garros 2026_720p.mp4,92.543,racket_hit
Hailey Baptiste vs Barbora Krejcikova | Round 1 Highlights | Roland-Garros 2026_720p.mp4,93.008,ambient_noise
Hailey Baptiste vs Barbora Krejcikova | Round 1 Highlights | Roland-Garros 2026_720p.mp4,93.425,ambient_noise
Hailey Baptiste vs Barbora Krejcikova | Round 1 Highlights | Roland-Garros 2026_720p.mp4,93.774,racket_hit
Hailey Baptiste vs Barbora Krejcikova | Round 1 Highlights | Roland-Garros 2026_720p.mp4,94.296,ambient_noise
Hailey Baptiste vs Barbora Krejcikova | Round 1 Highlights | Roland-Garros 2026_720p.mp4,94.586,ambient_noise
Hailey Baptiste vs Barbora Krejcikova | Round 1 Highlights | Roland-Garros 2026_720p.mp4,95.039,racket_hit
Hailey Baptiste vs Barbora Krejcikova | Round 1 Highlights | Roland-Garros 2026_720p.mp4,95.248,ambient_noise
Hailey Baptiste vs Barbora Krejcikova | Round 1 Highlights | Roland-Garros 2026_720p.mp4,95.539,ambient_noise
Hailey Baptiste vs Barbora Krejcikova | Round 1 Highlights | Roland-Garros 2026_720p.mp4,95.747,ambient_noise
Hailey Baptiste vs Barbora Krejcikova | Round 1 Highlights | Roland-Garros 2026_720p.mp4,96.026,ambient_noise
Hailey Baptiste vs Barbora Krejcikova | Round 1 Highlights | Roland-Garros 2026_720p.mp4,96.363,racket_hit
Hailey Baptiste vs Barbora Krejcikova | Round 1 Highlights | Roland-Garros 2026_720p.mp4,96.734,ambient_noise
Hailey Baptiste vs Barbora Krejcikova | Round 1 Highlights | Roland-Garros 2026_720p.mp4,97.710,ambient_noise
Hailey Baptiste vs Barbora Krejcikova | Round 1 Highlights | Roland-Garros 2026_720p.mp4,97.872,racket_hit
Hailey Baptiste vs Barbora Krejcikova | Round 1 Highlights | Roland-Garros 2026_720p.mp4,98.290,ambient_noise
Hailey Baptiste vs Barbora Krejcikova | Round 1 Highlights | Roland-Garros 2026_720p.mp4,98.731,grunt_speech
Hailey Baptiste vs Barbora Krejcikova | Round 1 Highlights | Roland-Garros 2026_720p.mp4,99.463,ball_bounce
Hailey Baptiste vs Barbora Krejcikova | Round 1 Highlights | Roland-Garros 2026_720p.mp4,99.695,ambient_noise
Hailey Baptiste vs Barbora Krejcikova | Round 1 Highlights | Roland-Garros 2026_720p.mp4,99.985,ambient_noise
Hailey Baptiste vs Barbora Krejcikova | Round 1 Highlights | Roland-Garros 2026_720p.mp4,100.554,ambient_noise
Hailey Baptiste vs Barbora Krejcikova | Round 1 Highlights | Roland-Garros 2026_720p.mp4,101.901,ambient_noise
Hailey Baptiste vs Barbora Krejcikova | Round 1 Highlights | Roland-Garros 2026_720p.mp4,102.110,ambient_noise
Hailey Baptiste vs Barbora Krejcikova | Round 1 Highlights | Roland-Garros 2026_720p.mp4,107.323,ambient_noise
Hailey Baptiste vs Barbora Krejcikova | Round 1 Highlights | Roland-Garros 2026_720p.mp4,107.555,racket_hit
Hailey Baptiste vs Barbora Krejcikova | Round 1 Highlights | Roland-Garros 2026_720p.mp4,108.286,racket_hit
Hailey Baptiste vs Barbora Krejcikova | Round 1 Highlights | Roland-Garros 2026_720p.mp4,108.495,ambient_noise
Hailey Baptiste vs Barbora Krejcikova | Round 1 Highlights | Roland-Garros 2026_720p.mp4,108.797,ambient_noise
Hailey Baptiste vs Barbora Krejcikova | Round 1 Highlights | Roland-Garros 2026_720p.mp4,109.320,ambient_noise
Hailey Baptiste vs Barbora Krejcikova | Round 1 Highlights | Roland-Garros 2026_720p.mp4,110.179,ambient_noise
Hailey Baptiste vs Barbora Krejcikova | Round 1 Highlights | Roland-Garros 2026_720p.mp4,110.341,racket_hit
Hailey Baptiste vs Barbora Krejcikova | Round 1 Highlights | Roland-Garros 2026_720p.mp4,110.991,ambient_noise
Hailey Baptiste vs Barbora Krejcikova | Round 1 Highlights | Roland-Garros 2026_720p.mp4,111.189,ambient_noise
Hailey Baptiste vs Barbora Krejcikova | Round 1 Highlights | Roland-Garros 2026_720p.mp4,111.421,ambient_noise
Hailey Baptiste vs Barbora Krejcikova | Round 1 Highlights | Roland-Garros 2026_720p.mp4,111.723,racket_hit
Hailey Baptiste vs Barbora Krejcikova | Round 1 Highlights | Roland-Garros 2026_720p.mp4,111.920,ambient_noise
Hailey Baptiste vs Barbora Krejcikova | Round 1 Highlights | Roland-Garros 2026_720p.mp4,112.141,ambient_noise
Hailey Baptiste vs Barbora Krejcikova | Round 1 Highlights | Roland-Garros 2026_720p.mp4,112.501,ambient_noise
Hailey Baptiste vs Barbora Krejcikova | Round 1 Highlights | Roland-Garros 2026_720p.mp4,112.710,ambient_noise
Hailey Baptiste vs Barbora Krejcikova | Round 1 Highlights | Roland-Garros 2026_720p.mp4,112.977,racket_hit
Hailey Baptiste vs Barbora Krejcikova | Round 1 Highlights | Roland-Garros 2026_720p.mp4,113.186,ambient_noise
Hailey Baptiste vs Barbora Krejcikova | Round 1 Highlights | Roland-Garros 2026_720p.mp4,113.371,ambient_noise
Hailey Baptiste vs Barbora Krejcikova | Round 1 Highlights | Roland-Garros 2026_720p.mp4,114.138,ambient_noise
Hailey Baptiste vs Barbora Krejcikova | Round 1 Highlights | Roland-Garros 2026_720p.mp4,114.974,ambient_noise
Hailey Baptiste vs Barbora Krejcikova | Round 1 Highlights | Roland-Garros 2026_720p.mp4,121.301,racket_hit
Hailey Baptiste vs Barbora Krejcikova | Round 1 Highlights | Roland-Garros 2026_720p.mp4,121.498,ambient_noise
Hailey Baptiste vs Barbora Krejcikova | Round 1 Highlights | Roland-Garros 2026_720p.mp4,121.731,ambient_noise
Hailey Baptiste vs Barbora Krejcikova | Round 1 Highlights | Roland-Garros 2026_720p.mp4,122.044,racket_hit
Hailey Baptiste vs Barbora Krejcikova | Round 1 Highlights | Roland-Garros 2026_720p.mp4,123.147,ambient_noise
Hailey Baptiste vs Barbora Krejcikova | Round 1 Highlights | Roland-Garros 2026_720p.mp4,123.426,ambient_noise
Hailey Baptiste vs Barbora Krejcikova | Round 1 Highlights | Roland-Garros 2026_720p.mp4,123.786,ambient_noise
Hailey Baptiste vs Barbora Krejcikova | Round 1 Highlights | Roland-Garros 2026_720p.mp4,123.983,racket_hit
Hailey Baptiste vs Barbora Krejcikova | Round 1 Highlights | Roland-Garros 2026_720p.mp4,124.877,ambient_noise
Hailey Baptiste vs Barbora Krejcikova | Round 1 Highlights | Roland-Garros 2026_720p.mp4,125.039,racket_hit
Hailey Baptiste vs Barbora Krejcikova | Round 1 Highlights | Roland-Garros 2026_720p.mp4,125.365,ambient_noise
Hailey Baptiste vs Barbora Krejcikova | Round 1 Highlights | Roland-Garros 2026_720p.mp4,125.864,racket_hit
Hailey Baptiste vs Barbora Krejcikova | Round 1 Highlights | Roland-Garros 2026_720p.mp4,131.251,grunt_speech
Hailey Baptiste vs Barbora Krejcikova | Round 1 Highlights | Roland-Garros 2026_720p.mp4,131.506,grunt_speech
Hailey Baptiste vs Barbora Krejcikova | Round 1 Highlights | Roland-Garros 2026_720p.mp4,132.168,grunt_speech
Hailey Baptiste vs Barbora Krejcikova | Round 1 Highlights | Roland-Garros 2026_720p.mp4,132.331,grunt_speech
Hailey Baptiste vs Barbora Krejcikova | Round 1 Highlights | Roland-Garros 2026_720p.mp4,136.777,grunt_speech
Hailey Baptiste vs Barbora Krejcikova | Round 1 Highlights | Roland-Garros 2026_720p.mp4,137.009,racket_hit
Hailey Baptiste vs Barbora Krejcikova | Round 1 Highlights | Roland-Garros 2026_720p.mp4,137.601,ambient_noise
Hailey Baptiste vs Barbora Krejcikova | Round 1 Highlights | Roland-Garros 2026_720p.mp4,137.915,racket_hit
Hailey Baptiste vs Barbora Krejcikova | Round 1 Highlights | Roland-Garros 2026_720p.mp4,138.728,ambient_noise
Hailey Baptiste vs Barbora Krejcikova | Round 1 Highlights | Roland-Garros 2026_720p.mp4,139.215,racket_hit
Hailey Baptiste vs Barbora Krejcikova | Round 1 Highlights | Roland-Garros 2026_720p.mp4,139.413,ambient_noise
Hailey Baptiste vs Barbora Krejcikova | Round 1 Highlights | Roland-Garros 2026_720p.mp4,139.900,ambient_noise
Hailey Baptiste vs Barbora Krejcikova | Round 1 Highlights | Roland-Garros 2026_720p.mp4,140.202,ambient_noise
Hailey Baptiste vs Barbora Krejcikova | Round 1 Highlights | Roland-Garros 2026_720p.mp4,140.411,racket_hit
Hailey Baptiste vs Barbora Krejcikova | Round 1 Highlights | Roland-Garros 2026_720p.mp4,140.852,ambient_noise
Hailey Baptiste vs Barbora Krejcikova | Round 1 Highlights | Roland-Garros 2026_720p.mp4,141.061,ambient_noise
Hailey Baptiste vs Barbora Krejcikova | Round 1 Highlights | Roland-Garros 2026_720p.mp4,141.468,ambient_noise
Hailey Baptiste vs Barbora Krejcikova | Round 1 Highlights | Roland-Garros 2026_720p.mp4,141.816,racket_hit
Hailey Baptiste vs Barbora Krejcikova | Round 1 Highlights | Roland-Garros 2026_720p.mp4,142.942,ambient_noise
Hailey Baptiste vs Barbora Krejcikova | Round 1 Highlights | Roland-Garros 2026_720p.mp4,143.267,ambient_noise
Hailey Baptiste vs Barbora Krejcikova | Round 1 Highlights | Roland-Garros 2026_720p.mp4,143.430,racket_hit
Hailey Baptiste vs Barbora Krejcikova | Round 1 Highlights | Roland-Garros 2026_720p.mp4,143.685,ambient_noise
Hailey Baptiste vs Barbora Krejcikova | Round 1 Highlights | Roland-Garros 2026_720p.mp4,143.987,ambient_noise
Hailey Baptiste vs Barbora Krejcikova | Round 1 Highlights | Roland-Garros 2026_720p.mp4,144.695,ambient_noise
Hailey Baptiste vs Barbora Krejcikova | Round 1 Highlights | Roland-Garros 2026_720p.mp4,145.427,racket_hit
Hailey Baptiste vs Barbora Krejcikova | Round 1 Highlights | Roland-Garros 2026_720p.mp4,145.612,ambient_noise
Hailey Baptiste vs Barbora Krejcikova | Round 1 Highlights | Roland-Garros 2026_720p.mp4,146.657,ambient_noise
Hailey Baptiste vs Barbora Krejcikova | Round 1 Highlights | Roland-Garros 2026_720p.mp4,146.831,ambient_noise
Hailey Baptiste vs Barbora Krejcikova | Round 1 Highlights | Roland-Garros 2026_720p.mp4,147.168,ambient_noise
Hailey Baptiste vs Barbora Krejcikova | Round 1 Highlights | Roland-Garros 2026_720p.mp4,148.480,ambient_noise
Hailey Baptiste vs Barbora Krejcikova | Round 1 Highlights | Roland-Garros 2026_720p.mp4,152.218,ambient_noise
Hailey Baptiste vs Barbora Krejcikova | Round 1 Highlights | Roland-Garros 2026_720p.mp4,152.416,ambient_noise
Hailey Baptiste vs Barbora Krejcikova | Round 1 Highlights | Roland-Garros 2026_720p.mp4,152.590,racket_hit
Hailey Baptiste vs Barbora Krejcikova | Round 1 Highlights | Roland-Garros 2026_720p.mp4,153.008,ambient_noise
Hailey Baptiste vs Barbora Krejcikova | Round 1 Highlights | Roland-Garros 2026_720p.mp4,153.345,racket_hit
Hailey Baptiste vs Barbora Krejcikova | Round 1 Highlights | Roland-Garros 2026_720p.mp4,153.623,ambient_noise
Hailey Baptiste vs Barbora Krejcikova | Round 1 Highlights | Roland-Garros 2026_720p.mp4,154.308,ambient_noise
Hailey Baptiste vs Barbora Krejcikova | Round 1 Highlights | Roland-Garros 2026_720p.mp4,154.517,ambient_noise
Hailey Baptiste vs Barbora Krejcikova | Round 1 Highlights | Roland-Garros 2026_720p.mp4,155.086,racket_hit
Hailey Baptiste vs Barbora Krejcikova | Round 1 Highlights | Roland-Garros 2026_720p.mp4,155.562,ambient_noise
Hailey Baptiste vs Barbora Krejcikova | Round 1 Highlights | Roland-Garros 2026_720p.mp4,155.864,ambient_noise
Hailey Baptiste vs Barbora Krejcikova | Round 1 Highlights | Roland-Garros 2026_720p.mp4,156.317,racket_hit
Hailey Baptiste vs Barbora Krejcikova | Round 1 Highlights | Roland-Garros 2026_720p.mp4,156.526,ambient_noise
Hailey Baptiste vs Barbora Krejcikova | Round 1 Highlights | Roland-Garros 2026_720p.mp4,156.688,ambient_noise
Hailey Baptiste vs Barbora Krejcikova | Round 1 Highlights | Roland-Garros 2026_720p.mp4,157.211,ambient_noise
Hailey Baptiste vs Barbora Krejcikova | Round 1 Highlights | Roland-Garros 2026_720p.mp4,157.629,racket_hit
Hailey Baptiste vs Barbora Krejcikova | Round 1 Highlights | Roland-Garros 2026_720p.mp4,158.418,shoe_squeak
Hailey Baptiste vs Barbora Krejcikova | Round 1 Highlights | Roland-Garros 2026_720p.mp4,158.743,ambient_noise
Hailey Baptiste vs Barbora Krejcikova | Round 1 Highlights | Roland-Garros 2026_720p.mp4,159.208,ambient_noise
Hailey Baptiste vs Barbora Krejcikova | Round 1 Highlights | Roland-Garros 2026_720p.mp4,159.475,grunt_speech
Hailey Baptiste vs Barbora Krejcikova | Round 1 Highlights | Roland-Garros 2026_720p.mp4,159.765,grunt_speech
Hailey Baptiste vs Barbora Krejcikova | Round 1 Highlights | Roland-Garros 2026_720p.mp4,160.380,ambient_noise
Hailey Baptiste vs Barbora Krejcikova | Round 1 Highlights | Roland-Garros 2026_720p.mp4,161.379,ambient_noise
Hailey Baptiste vs Barbora Krejcikova | Round 1 Highlights | Roland-Garros 2026_720p.mp4,162.319,ambient_noise
Hailey Baptiste vs Barbora Krejcikova | Round 1 Highlights | Roland-Garros 2026_720p.mp4,162.958,ambient_noise
Hailey Baptiste vs Barbora Krejcikova | Round 1 Highlights | Roland-Garros 2026_720p.mp4,163.352,ambient_noise
Hailey Baptiste vs Barbora Krejcikova | Round 1 Highlights | Roland-Garros 2026_720p.mp4,163.689,ambient_noise
Hailey Baptiste vs Barbora Krejcikova | Round 1 Highlights | Roland-Garros 2026_720p.mp4,164.293,ambient_noise
Hailey Baptiste vs Barbora Krejcikova | Round 1 Highlights | Roland-Garros 2026_720p.mp4,165.396,ambient_noise
Hailey Baptiste vs Barbora Krejcikova | Round 1 Highlights | Roland-Garros 2026_720p.mp4,165.825,ambient_noise
Hailey Baptiste vs Barbora Krejcikova | Round 1 Highlights | Roland-Garros 2026_720p.mp4,167.648,ambient_noise
Hailey Baptiste vs Barbora Krejcikova | Round 1 Highlights | Roland-Garros 2026_720p.mp4,167.880,racket_hit
Hailey Baptiste vs Barbora Krejcikova | Round 1 Highlights | Roland-Garros 2026_720p.mp4,168.066,ambient_noise
Hailey Baptiste vs Barbora Krejcikova | Round 1 Highlights | Roland-Garros 2026_720p.mp4,168.612,racket_hit
Hailey Baptiste vs Barbora Krejcikova | Round 1 Highlights | Roland-Garros 2026_720p.mp4,168.902,ambient_noise
Hailey Baptiste vs Barbora Krejcikova | Round 1 Highlights | Roland-Garros 2026_720p.mp4,169.157,ambient_noise
Hailey Baptiste vs Barbora Krejcikova | Round 1 Highlights | Roland-Garros 2026_720p.mp4,169.668,ambient_noise
Hailey Baptiste vs Barbora Krejcikova | Round 1 Highlights | Roland-Garros 2026_720p.mp4,170.260,racket_hit
Hailey Baptiste vs Barbora Krejcikova | Round 1 Highlights | Roland-Garros 2026_720p.mp4,170.829,ambient_noise
Hailey Baptiste vs Barbora Krejcikova | Round 1 Highlights | Roland-Garros 2026_720p.mp4,171.096,ambient_noise
Hailey Baptiste vs Barbora Krejcikova | Round 1 Highlights | Roland-Garros 2026_720p.mp4,171.328,ambient_noise
Hailey Baptiste vs Barbora Krejcikova | Round 1 Highlights | Roland-Garros 2026_720p.mp4,171.503,racket_hit
Hailey Baptiste vs Barbora Krejcikova | Round 1 Highlights | Roland-Garros 2026_720p.mp4,171.851,ambient_noise
Hailey Baptiste vs Barbora Krejcikova | Round 1 Highlights | Roland-Garros 2026_720p.mp4,172.304,ambient_noise
Hailey Baptiste vs Barbora Krejcikova | Round 1 Highlights | Roland-Garros 2026_720p.mp4,172.571,grunt_speech
Hailey Baptiste vs Barbora Krejcikova | Round 1 Highlights | Roland-Garros 2026_720p.mp4,174.893,grunt_speech
Hailey Baptiste vs Barbora Krejcikova | Round 1 Highlights | Roland-Garros 2026_720p.mp4,176.344,grunt_speech
Hailey Baptiste vs Barbora Krejcikova | Round 1 Highlights | Roland-Garros 2026_720p.mp4,177.110,grunt_speech
Hailey Baptiste vs Barbora Krejcikova | Round 1 Highlights | Roland-Garros 2026_720p.mp4,189.324,ambient_noise
Hailey Baptiste vs Barbora Krejcikova | Round 1 Highlights | Roland-Garros 2026_720p.mp4,189.777,ambient_noise
Hailey Baptiste vs Barbora Krejcikova | Round 1 Highlights | Roland-Garros 2026_720p.mp4,191.147,grunt_speech
Hailey Baptiste vs Barbora Krejcikova | Round 1 Highlights | Roland-Garros 2026_720p.mp4,191.483,grunt_speech
Hailey Baptiste vs Barbora Krejcikova | Round 1 Highlights | Roland-Garros 2026_720p.mp4,192.192,grunt_speech
Hailey Baptiste vs Barbora Krejcikova | Round 1 Highlights | Roland-Garros 2026_720p.mp4,192.586,grunt_speech
Hailey Baptiste vs Barbora Krejcikova | Round 1 Highlights | Roland-Garros 2026_720p.mp4,193.341,grunt_speech
Hailey Baptiste vs Barbora Krejcikova | Round 1 Highlights | Roland-Garros 2026_720p.mp4,194.792,grunt_speech
Hailey Baptiste vs Barbora Krejcikova | Round 1 Highlights | Roland-Garros 2026_720p.mp4,195.477,grunt_speech
Hailey Baptiste vs Barbora Krejcikova | Round 1 Highlights | Roland-Garros 2026_720p.mp4,196.592,grunt_speech
Hailey Baptiste vs Barbora Krejcikova | Round 1 Highlights | Roland-Garros 2026_720p.mp4,197.799,grunt_speech
Hailey Baptiste vs Barbora Krejcikova | Round 1 Highlights | Roland-Garros 2026_720p.mp4,201.990,ambient_noise
Hailey Baptiste vs Barbora Krejcikova | Round 1 Highlights | Roland-Garros 2026_720p.mp4,202.420,ambient_noise
Hailey Baptiste vs Barbora Krejcikova | Round 1 Highlights | Roland-Garros 2026_720p.mp4,203.059,ambient_noise
Hailey Baptiste vs Barbora Krejcikova | Round 1 Highlights | Roland-Garros 2026_720p.mp4,203.384,ambient_noise
Hailey Baptiste vs Barbora Krejcikova | Round 1 Highlights | Roland-Garros 2026_720p.mp4,203.709,ambient_noise
Hailey Baptiste vs Barbora Krejcikova | Round 1 Highlights | Roland-Garros 2026_720p.mp4,204.034,ambient_noise
Hailey Baptiste vs Barbora Krejcikova | Round 1 Highlights | Roland-Garros 2026_720p.mp4,204.336,ambient_noise
Hailey Baptiste vs Barbora Krejcikova | Round 1 Highlights | Roland-Garros 2026_720p.mp4,204.812,ambient_noise
Hailey Baptiste vs Barbora Krejcikova | Round 1 Highlights | Roland-Garros 2026_720p.mp4,205.183,ambient_noise
Hailey Baptiste vs Barbora Krejcikova | Round 1 Highlights | Roland-Garros 2026_720p.mp4,205.764,ambient_noise
