file_name,timestamp_sec,label
Incredible 13 MINUTE Game | In Full | Emma Raducanu vs Aryna Sabalenka_Wimbledon_720p.mp4,0.604,grunt_speech
Incredible 13 MINUTE Game | In Full | Emma Raducanu vs Aryna Sabalenka_Wimbledon_720p.mp4,0.894,grunt_speech
Incredible 13 MINUTE Game | In Full | Emma Raducanu vs Aryna Sabalenka_Wimbledon_720p.mp4,1.289,grunt_speech
Incredible 13 MINUTE Game | In Full | Emma Raducanu vs Aryna Sabalenka_Wimbledon_720p.mp4,1.556,grunt_speech
Incredible 13 MINUTE Game | In Full | Emma Raducanu vs Aryna Sabalenka_Wimbledon_720p.mp4,1.869,grunt_speech
Incredible 13 MINUTE Game | In Full | Emma Raducanu vs Aryna Sabalenka_Wimbledon_720p.mp4,2.485,ambient_noise
Incredible 13 MINUTE Game | In Full | Emma Raducanu vs Aryna Sabalenka_Wimbledon_720p.mp4,2.961,grunt_speech
Incredible 13 MINUTE Game | In Full | Emma Raducanu vs Aryna Sabalenka_Wimbledon_720p.mp4,3.204,grunt_speech
Incredible 13 MINUTE Game | In Full | Emma Raducanu vs Aryna Sabalenka_Wimbledon_720p.mp4,3.587,grunt_speech
Incredible 13 MINUTE Game | In Full | Emma Raducanu vs Aryna Sabalenka_Wimbledon_720p.mp4,4.238,grunt_speech
Incredible 13 MINUTE Game | In Full | Emma Raducanu vs Aryna Sabalenka_Wimbledon_720p.mp4,6.084,racket_hit
Incredible 13 MINUTE Game | In Full | Emma Raducanu vs Aryna Sabalenka_Wimbledon_720p.mp4,6.885,racket_hit
Incredible 13 MINUTE Game | In Full | Emma Raducanu vs Aryna Sabalenka_Wimbledon_720p.mp4,8.522,racket_hit
Incredible 13 MINUTE Game | In Full | Emma Raducanu vs Aryna Sabalenka_Wimbledon_720p.mp4,9.613,racket_hit
Incredible 13 MINUTE Game | In Full | Emma Raducanu vs Aryna Sabalenka_Wimbledon_720p.mp4,32.020,racket_hit
Incredible 13 MINUTE Game | In Full | Emma Raducanu vs Aryna Sabalenka_Wimbledon_720p.mp4,32.845,racket_hit
Incredible 13 MINUTE Game | In Full | Emma Raducanu vs Aryna Sabalenka_Wimbledon_720p.mp4,34.122,racket_hit
Incredible 13 MINUTE Game | In Full | Emma Raducanu vs Aryna Sabalenka_Wimbledon_720p.mp4,35.457,racket_hit
Incredible 13 MINUTE Game | In Full | Emma Raducanu vs Aryna Sabalenka_Wimbledon_720p.mp4,36.804,racket_hit
Incredible 13 MINUTE Game | In Full | Emma Raducanu vs Aryna Sabalenka_Wimbledon_720p.mp4,37.581,ambient_noise
Incredible 13 MINUTE Game | In Full | Emma Raducanu vs Aryna Sabalenka_Wimbledon_720p.mp4,38.058,grunt_speech
Incredible 13 MINUTE Game | In Full | Emma Raducanu vs Aryna Sabalenka_Wimbledon_720p.mp4,45.929,grunt_speech
Incredible 13 MINUTE Game | In Full | Emma Raducanu vs Aryna Sabalenka_Wimbledon_720p.mp4,46.893,grunt_speech
Incredible 13 MINUTE Game | In Full | Emma Raducanu vs Aryna Sabalenka_Wimbledon_720p.mp4,47.972,grunt_speech
Incredible 13 MINUTE Game | In Full | Emma Raducanu vs Aryna Sabalenka_Wimbledon_720p.mp4,48.239,grunt_speech
Incredible 13 MINUTE Game | In Full | Emma Raducanu vs Aryna Sabalenka_Wimbledon_720p.mp4,48.425,grunt_speech
Incredible 13 MINUTE Game | In Full | Emma Raducanu vs Aryna Sabalenka_Wimbledon_720p.mp4,50.387,grunt_speech
Incredible 13 MINUTE Game | In Full | Emma Raducanu vs Aryna Sabalenka_Wimbledon_720p.mp4,53.359,ambient_noise
Incredible 13 MINUTE Game | In Full | Emma Raducanu vs Aryna Sabalenka_Wimbledon_720p.mp4,53.870,ambient_noise
Incredible 13 MINUTE Game | In Full | Emma Raducanu vs Aryna Sabalenka_Wimbledon_720p.mp4,54.416,ambient_noise
Incredible 13 MINUTE Game | In Full | Emma Raducanu vs Aryna Sabalenka_Wimbledon_720p.mp4,54.996,ambient_noise
Incredible 13 MINUTE Game | In Full | Emma Raducanu vs Aryna Sabalenka_Wimbledon_720p.mp4,55.287,grunt_speech
Incredible 13 MINUTE Game | In Full | Emma Raducanu vs Aryna Sabalenka_Wimbledon_720p.mp4,55.740,grunt_speech
Incredible 13 MINUTE Game | In Full | Emma Raducanu vs Aryna Sabalenka_Wimbledon_720p.mp4,55.972,grunt_speech
Incredible 13 MINUTE Game | In Full | Emma Raducanu vs Aryna Sabalenka_Wimbledon_720p.mp4,56.250,grunt_speech
Incredible 13 MINUTE Game | In Full | Emma Raducanu vs Aryna Sabalenka_Wimbledon_720p.mp4,56.645,grunt_speech
Incredible 13 MINUTE Game | In Full | Emma Raducanu vs Aryna Sabalenka_Wimbledon_720p.mp4,57.063,grunt_speech
Incredible 13 MINUTE Game | In Full | Emma Raducanu vs Aryna Sabalenka_Wimbledon_720p.mp4,57.272,grunt_speech
Incredible 13 MINUTE Game | In Full | Emma Raducanu vs Aryna Sabalenka_Wimbledon_720p.mp4,57.597,grunt_speech
Incredible 13 MINUTE Game | In Full | Emma Raducanu vs Aryna Sabalenka_Wimbledon_720p.mp4,57.876,grunt_speech
Incredible 13 MINUTE Game | In Full | Emma Raducanu vs Aryna Sabalenka_Wimbledon_720p.mp4,58.096,grunt_speech
Incredible 13 MINUTE Game | In Full | Emma Raducanu vs Aryna Sabalenka_Wimbledon_720p.mp4,58.270,grunt_speech
Incredible 13 MINUTE Game | In Full | Emma Raducanu vs Aryna Sabalenka_Wimbledon_720p.mp4,58.572,grunt_speech
Incredible 13 MINUTE Game | In Full | Emma Raducanu vs Aryna Sabalenka_Wimbledon_720p.mp4,59.106,ambient_noise
Incredible 13 MINUTE Game | In Full | Emma Raducanu vs Aryna Sabalenka_Wimbledon_720p.mp4,59.490,ambient_noise
Incredible 13 MINUTE Game | In Full | Emma Raducanu vs Aryna Sabalenka_Wimbledon_720p.mp4,63.367,racket_hit
Incredible 13 MINUTE Game | In Full | Emma Raducanu vs Aryna Sabalenka_Wimbledon_720p.mp4,64.192,racket_hit
Incredible 13 MINUTE Game | In Full | Emma Raducanu vs Aryna Sabalenka_Wimbledon_720p.mp4,65.202,racket_hit
Incredible 13 MINUTE Game | In Full | Emma Raducanu vs Aryna Sabalenka_Wimbledon_720p.mp4,66.154,ambient_noise
Incredible 13 MINUTE Game | In Full | Emma Raducanu vs Aryna Sabalenka_Wimbledon_720p.mp4,78.286,grunt_speech
Incredible 13 MINUTE Game | In Full | Emma Raducanu vs Aryna Sabalenka_Wimbledon_720p.mp4,78.495,grunt_speech
Incredible 13 MINUTE Game | In Full | Emma Raducanu vs Aryna Sabalenka_Wimbledon_720p.mp4,78.867,grunt_speech
Incredible 13 MINUTE Game | In Full | Emma Raducanu vs Aryna Sabalenka_Wimbledon_720p.mp4,79.354,grunt_speech
Incredible 13 MINUTE Game | In Full | Emma Raducanu vs Aryna Sabalenka_Wimbledon_720p.mp4,81.154,grunt_speech
Incredible 13 MINUTE Game | In Full | Emma Raducanu vs Aryna Sabalenka_Wimbledon_720p.mp4,82.094,grunt_speech
Incredible 13 MINUTE Game | In Full | Emma Raducanu vs Aryna Sabalenka_Wimbledon_720p.mp4,83.708,grunt_speech
Incredible 13 MINUTE Game | In Full | Emma Raducanu vs Aryna Sabalenka_Wimbledon_720p.mp4,96.386,ambient_noise
Incredible 13 MINUTE Game | In Full | Emma Raducanu vs Aryna Sabalenka_Wimbledon_720p.mp4,97.779,ambient_noise
Incredible 13 MINUTE Game | In Full | Emma Raducanu vs Aryna Sabalenka_Wimbledon_720p.mp4,99.509,racket_hit
Incredible 13 MINUTE Game | In Full | Emma Raducanu vs Aryna Sabalenka_Wimbledon_720p.mp4,100.322,racket_hit
Incredible 13 MINUTE Game | In Full | Emma Raducanu vs Aryna Sabalenka_Wimbledon_720p.mp4,102.156,racket_hit
Incredible 13 MINUTE Game | In Full | Emma Raducanu vs Aryna Sabalenka_Wimbledon_720p.mp4,103.236,racket_hit
Incredible 13 MINUTE Game | In Full | Emma Raducanu vs Aryna Sabalenka_Wimbledon_720p.mp4,105.349,racket_hit
Incredible 13 MINUTE Game | In Full | Emma Raducanu vs Aryna Sabalenka_Wimbledon_720p.mp4,107.439,racket_hit
Incredible 13 MINUTE Game | In Full | Emma Raducanu vs Aryna Sabalenka_Wimbledon_720p.mp4,128.929,ambient_noise
Incredible 13 MINUTE Game | In Full | Emma Raducanu vs Aryna Sabalenka_Wimbledon_720p.mp4,129.776,ambient_noise
Incredible 13 MINUTE Game | In Full | Emma Raducanu vs Aryna Sabalenka_Wimbledon_720p.mp4,130.705,ambient_noise
Incredible 13 MINUTE Game | In Full | Emma Raducanu vs Aryna Sabalenka_Wimbledon_720p.mp4,135.175,racket_hit
Incredible 13 MINUTE Game | In Full | Emma Raducanu vs Aryna Sabalenka_Wimbledon_720p.mp4,136.104,racket_hit
Incredible 13 MINUTE Game | In Full | Emma Raducanu vs Aryna Sabalenka_Wimbledon_720p.mp4,137.648,racket_hit
Incredible 13 MINUTE Game | In Full | Emma Raducanu vs Aryna Sabalenka_Wimbledon_720p.mp4,138.913,racket_hit
Incredible 13 MINUTE Game | In Full | Emma Raducanu vs Aryna Sabalenka_Wimbledon_720p.mp4,140.608,racket_hit
Incredible 13 MINUTE Game | In Full | Emma Raducanu vs Aryna Sabalenka_Wimbledon_720p.mp4,141.038,ambient_noise
Incredible 13 MINUTE Game | In Full | Emma Raducanu vs Aryna Sabalenka_Wimbledon_720p.mp4,154.529,grunt_speech
Incredible 13 MINUTE Game | In Full | Emma Raducanu vs Aryna Sabalenka_Wimbledon_720p.mp4,157.292,grunt_speech
Incredible 13 MINUTE Game | In Full | Emma Raducanu vs Aryna Sabalenka_Wimbledon_720p.mp4,173.256,racket_hit
Incredible 13 MINUTE Game | In Full | Emma Raducanu vs Aryna Sabalenka_Wimbledon_720p.mp4,194.746,ambient_noise
Incredible 13 MINUTE Game | In Full | Emma Raducanu vs Aryna Sabalenka_Wimbledon_720p.mp4,196.859,ambient_noise
Incredible 13 MINUTE Game | In Full | Emma Raducanu vs Aryna Sabalenka_Wimbledon_720p.mp4,197.904,ambient_noise
Incredible 13 MINUTE Game | In Full | Emma Raducanu vs Aryna Sabalenka_Wimbledon_720p.mp4,201.607,racket_hit
Incredible 13 MINUTE Game | In Full | Emma Raducanu vs Aryna Sabalenka_Wimbledon_720p.mp4,202.466,racket_hit
Incredible 13 MINUTE Game | In Full | Emma Raducanu vs Aryna Sabalenka_Wimbledon_720p.mp4,203.836,racket_hit
Incredible 13 MINUTE Game | In Full | Emma Raducanu vs Aryna Sabalenka_Wimbledon_720p.mp4,205.055,racket_hit
Incredible 13 MINUTE Game | In Full | Emma Raducanu vs Aryna Sabalenka_Wimbledon_720p.mp4,206.274,racket_hit
Incredible 13 MINUTE Game | In Full | Emma Raducanu vs Aryna Sabalenka_Wimbledon_720p.mp4,207.029,grunt_speech
Incredible 13 MINUTE Game | In Full | Emma Raducanu vs Aryna Sabalenka_Wimbledon_720p.mp4,229.018,ambient_noise
Incredible 13 MINUTE Game | In Full | Emma Raducanu vs Aryna Sabalenka_Wimbledon_720p.mp4,231.398,racket_hit
Incredible 13 MINUTE Game | In Full | Emma Raducanu vs Aryna Sabalenka_Wimbledon_720p.mp4,232.269,racket_hit
Incredible 13 MINUTE Game | In Full | Emma Raducanu vs Aryna Sabalenka_Wimbledon_720p.mp4,257.010,ambient_noise
Incredible 13 MINUTE Game | In Full | Emma Raducanu vs Aryna Sabalenka_Wimbledon_720p.mp4,258.543,racket_hit
Incredible 13 MINUTE Game | In Full | Emma Raducanu vs Aryna Sabalenka_Wimbledon_720p.mp4,259.286,grunt_speech
Incredible 13 MINUTE Game | In Full | Emma Raducanu vs Aryna Sabalenka_Wimbledon_720p.mp4,273.752,racket_hit
Incredible 13 MINUTE Game | In Full | Emma Raducanu vs Aryna Sabalenka_Wimbledon_720p.mp4,274.727,racket_hit
Incredible 13 MINUTE Game | In Full | Emma Raducanu vs Aryna Sabalenka_Wimbledon_720p.mp4,276.062,racket_hit
Incredible 13 MINUTE Game | In Full | Emma Raducanu vs Aryna Sabalenka_Wimbledon_720p.mp4,277.571,racket_hit
Incredible 13 MINUTE Game | In Full | Emma Raducanu vs Aryna Sabalenka_Wimbledon_720p.mp4,278.721,racket_hit
Incredible 13 MINUTE Game | In Full | Emma Raducanu vs Aryna Sabalenka_Wimbledon_720p.mp4,280.114,racket_hit
Incredible 13 MINUTE Game | In Full | Emma Raducanu vs Aryna Sabalenka_Wimbledon_720p.mp4,280.694,ambient_noise
Incredible 13 MINUTE Game | In Full | Emma Raducanu vs Aryna Sabalenka_Wimbledon_720p.mp4,299.549,grunt_speech
Incredible 13 MINUTE Game | In Full | Emma Raducanu vs Aryna Sabalenka_Wimbledon_720p.mp4,303.404,ambient_noise
Incredible 13 MINUTE Game | In Full | Emma Raducanu vs Aryna Sabalenka_Wimbledon_720p.mp4,310.137,racket_hit
Incredible 13 MINUTE Game | In Full | Emma Raducanu vs Aryna Sabalenka_Wimbledon_720p.mp4,310.950,racket_hit
Incredible 13 MINUTE Game | In Full | Emma Raducanu vs Aryna Sabalenka_Wimbledon_720p.mp4,332.765,grunt_speech
Incredible 13 MINUTE Game | In Full | Emma Raducanu vs Aryna Sabalenka_Wimbledon_720p.mp4,332.951,grunt_speech
Incredible 13 MINUTE Game | In Full | Emma Raducanu vs Aryna Sabalenka_Wimbledon_720p.mp4,333.230,grunt_speech
Incredible 13 MINUTE Game | In Full | Emma Raducanu vs Aryna Sabalenka_Wimbledon_720p.mp4,336.805,racket_hit
Incredible 13 MINUTE Game | In Full | Emma Raducanu vs Aryna Sabalenka_Wimbledon_720p.mp4,337.653,racket_hit
Incredible 13 MINUTE Game | In Full | Emma Raducanu vs Aryna Sabalenka_Wimbledon_720p.mp4,339.104,racket_hit
Incredible 13 MINUTE Game | In Full | Emma Raducanu vs Aryna Sabalenka_Wimbledon_720p.mp4,340.393,racket_hit
Incredible 13 MINUTE Game | In Full | Emma Raducanu vs Aryna Sabalenka_Wimbledon_720p.mp4,341.786,racket_hit
Incredible 13 MINUTE Game | In Full | Emma Raducanu vs Aryna Sabalenka_Wimbledon_720p.mp4,365.912,racket_hit
Incredible 13 MINUTE Game | In Full | Emma Raducanu vs Aryna Sabalenka_Wimbledon_720p.mp4,366.678,racket_hit
Incredible 13 MINUTE Game | In Full | Emma Raducanu vs Aryna Sabalenka_Wimbledon_720p.mp4,389.341,grunt_speech
Incredible 13 MINUTE Game | In Full | Emma Raducanu vs Aryna Sabalenka_Wimbledon_720p.mp4,389.863,grunt_speech
Incredible 13 MINUTE Game | In Full | Emma Raducanu vs Aryna Sabalenka_Wimbledon_720p.mp4,390.177,grunt_speech
Incredible 13 MINUTE Game | In Full | Emma Raducanu vs Aryna Sabalenka_Wimbledon_720p.mp4,390.455,grunt_speech
Incredible 13 MINUTE Game | In Full | Emma Raducanu vs Aryna Sabalenka_Wimbledon_720p.mp4,390.734,grunt_speech
Incredible 13 MINUTE Game | In Full | Emma Raducanu vs Aryna Sabalenka_Wimbledon_720p.mp4,399.604,racket_hit
Incredible 13 MINUTE Game | In Full | Emma Raducanu vs Aryna Sabalenka_Wimbledon_720p.mp4,400.486,grunt_speech
Incredible 13 MINUTE Game | In Full | Emma Raducanu vs Aryna Sabalenka_Wimbledon_720p.mp4,414.383,racket_hit
Incredible 13 MINUTE Game | In Full | Emma Raducanu vs Aryna Sabalenka_Wimbledon_720p.mp4,415.219,racket_hit
Incredible 13 MINUTE Game | In Full | Emma Raducanu vs Aryna Sabalenka_Wimbledon_720p.mp4,433.749,grunt_speech
Incredible 13 MINUTE Game | In Full | Emma Raducanu vs Aryna Sabalenka_Wimbledon_720p.mp4,434.248,grunt_speech
Incredible 13 MINUTE Game | In Full | Emma Raducanu vs Aryna Sabalenka_Wimbledon_720p.mp4,434.747,grunt_speech
Incredible 13 MINUTE Game | In Full | Emma Raducanu vs Aryna Sabalenka_Wimbledon_720p.mp4,437.499,ambient_noise
Incredible 13 MINUTE Game | In Full | Emma Raducanu vs Aryna Sabalenka_Wimbledon_720p.mp4,440.575,racket_hit
Incredible 13 MINUTE Game | In Full | Emma Raducanu vs Aryna Sabalenka_Wimbledon_720p.mp4,441.388,racket_hit
Incredible 13 MINUTE Game | In Full | Emma Raducanu vs Aryna Sabalenka_Wimbledon_720p.mp4,442.897,racket_hit
Incredible 13 MINUTE Game | In Full | Emma Raducanu vs Aryna Sabalenka_Wimbledon_720p.mp4,444.209,racket_hit
Incredible 13 MINUTE Game | In Full | Emma Raducanu vs Aryna Sabalenka_Wimbledon_720p.mp4,445.405,racket_hit
Incredible 13 MINUTE Game | In Full | Emma Raducanu vs Aryna Sabalenka_Wimbledon_720p.mp4,446.914,racket_hit
Incredible 13 MINUTE Game | In Full | Emma Raducanu vs Aryna Sabalenka_Wimbledon_720p.mp4,448.134,grunt_speech
Incredible 13 MINUTE Game | In Full | Emma Raducanu vs Aryna Sabalenka_Wimbledon_720p.mp4,460.452,grunt_speech
Incredible 13 MINUTE Game | In Full | Emma Raducanu vs Aryna Sabalenka_Wimbledon_720p.mp4,475.359,ambient_noise
Incredible 13 MINUTE Game | In Full | Emma Raducanu vs Aryna Sabalenka_Wimbledon_720p.mp4,478.900,racket_hit
Incredible 13 MINUTE Game | In Full | Emma Raducanu vs Aryna Sabalenka_Wimbledon_720p.mp4,479.666,racket_hit
Incredible 13 MINUTE Game | In Full | Emma Raducanu vs Aryna Sabalenka_Wimbledon_720p.mp4,483.463,ambient_noise
Incredible 13 MINUTE Game | In Full | Emma Raducanu vs Aryna Sabalenka_Wimbledon_720p.mp4,492.391,racket_hit
Incredible 13 MINUTE Game | In Full | Emma Raducanu vs Aryna Sabalenka_Wimbledon_720p.mp4,493.389,racket_hit
Incredible 13 MINUTE Game | In Full | Emma Raducanu vs Aryna Sabalenka_Wimbledon_720p.mp4,494.562,racket_hit
Incredible 13 MINUTE Game | In Full | Emma Raducanu vs Aryna Sabalenka_Wimbledon_720p.mp4,496.338,grunt_speech
Incredible 13 MINUTE Game | In Full | Emma Raducanu vs Aryna Sabalenka_Wimbledon_720p.mp4,503.732,ambient_noise
Incredible 13 MINUTE Game | In Full | Emma Raducanu vs Aryna Sabalenka_Wimbledon_720p.mp4,523.738,racket_hit
Incredible 13 MINUTE Game | In Full | Emma Raducanu vs Aryna Sabalenka_Wimbledon_720p.mp4,524.492,grunt_speech
Incredible 13 MINUTE Game | In Full | Emma Raducanu vs Aryna Sabalenka_Wimbledon_720p.mp4,536.938,racket_hit
Incredible 13 MINUTE Game | In Full | Emma Raducanu vs Aryna Sabalenka_Wimbledon_720p.mp4,537.797,racket_hit
Incredible 13 MINUTE Game | In Full | Emma Raducanu vs Aryna Sabalenka_Wimbledon_720p.mp4,538.668,grunt_speech
Incredible 13 MINUTE Game | In Full | Emma Raducanu vs Aryna Sabalenka_Wimbledon_720p.mp4,554.852,grunt_speech
Incredible 13 MINUTE Game | In Full | Emma Raducanu vs Aryna Sabalenka_Wimbledon_720p.mp4,569.690,racket_hit
Incredible 13 MINUTE Game | In Full | Emma Raducanu vs Aryna Sabalenka_Wimbledon_720p.mp4,570.561,racket_hit
Incredible 13 MINUTE Game | In Full | Emma Raducanu vs Aryna Sabalenka_Wimbledon_720p.mp4,572.291,racket_hit
Incredible 13 MINUTE Game | In Full | Emma Raducanu vs Aryna Sabalenka_Wimbledon_720p.mp4,573.521,racket_hit
Incredible 13 MINUTE Game | In Full | Emma Raducanu vs Aryna Sabalenka_Wimbledon_720p.mp4,574.682,racket_hit
Incredible 13 MINUTE Game | In Full | Emma Raducanu vs Aryna Sabalenka_Wimbledon_720p.mp4,576.296,racket_hit
Incredible 13 MINUTE Game | In Full | Emma Raducanu vs Aryna Sabalenka_Wimbledon_720p.mp4,577.399,racket_hit
Incredible 13 MINUTE Game | In Full | Emma Raducanu vs Aryna Sabalenka_Wimbledon_720p.mp4,586.269,grunt_speech
Incredible 13 MINUTE Game | In Full | Emma Raducanu vs Aryna Sabalenka_Wimbledon_720p.mp4,587.012,grunt_speech
Incredible 13 MINUTE Game | In Full | Emma Raducanu vs Aryna Sabalenka_Wimbledon_720p.mp4,587.302,grunt_speech
Incredible 13 MINUTE Game | In Full | Emma Raducanu vs Aryna Sabalenka_Wimbledon_720p.mp4,594.106,grunt_speech
Incredible 13 MINUTE Game | In Full | Emma Raducanu vs Aryna Sabalenka_Wimbledon_720p.mp4,599.992,grunt_speech
Incredible 13 MINUTE Game | In Full | Emma Raducanu vs Aryna Sabalenka_Wimbledon_720p.mp4,615.213,racket_hit
Incredible 13 MINUTE Game | In Full | Emma Raducanu vs Aryna Sabalenka_Wimbledon_720p.mp4,616.002,racket_hit
Incredible 13 MINUTE Game | In Full | Emma Raducanu vs Aryna Sabalenka_Wimbledon_720p.mp4,631.618,racket_hit
Incredible 13 MINUTE Game | In Full | Emma Raducanu vs Aryna Sabalenka_Wimbledon_720p.mp4,632.535,racket_hit
Incredible 13 MINUTE Game | In Full | Emma Raducanu vs Aryna Sabalenka_Wimbledon_720p.mp4,663.812,racket_hit
Incredible 13 MINUTE Game | In Full | Emma Raducanu vs Aryna Sabalenka_Wimbledon_720p.mp4,664.718,racket_hit
Incredible 13 MINUTE Game | In Full | Emma Raducanu vs Aryna Sabalenka_Wimbledon_720p.mp4,666.134,racket_hit
Incredible 13 MINUTE Game | In Full | Emma Raducanu vs Aryna Sabalenka_Wimbledon_720p.mp4,667.748,racket_hit
Incredible 13 MINUTE Game | In Full | Emma Raducanu vs Aryna Sabalenka_Wimbledon_720p.mp4,669.431,racket_hit
Incredible 13 MINUTE Game | In Full | Emma Raducanu vs Aryna Sabalenka_Wimbledon_720p.mp4,670.674,racket_hit
Incredible 13 MINUTE Game | In Full | Emma Raducanu vs Aryna Sabalenka_Wimbledon_720p.mp4,702.833,ambient_noise
Incredible 13 MINUTE Game | In Full | Emma Raducanu vs Aryna Sabalenka_Wimbledon_720p.mp4,703.959,ambient_noise
Incredible 13 MINUTE Game | In Full | Emma Raducanu vs Aryna Sabalenka_Wimbledon_720p.mp4,704.319,ambient_noise
Incredible 13 MINUTE Game | In Full | Emma Raducanu vs Aryna Sabalenka_Wimbledon_720p.mp4,704.935,ambient_noise
Incredible 13 MINUTE Game | In Full | Emma Raducanu vs Aryna Sabalenka_Wimbledon_720p.mp4,706.421,racket_hit
Incredible 13 MINUTE Game | In Full | Emma Raducanu vs Aryna Sabalenka_Wimbledon_720p.mp4,707.257,racket_hit
Incredible 13 MINUTE Game | In Full | Emma Raducanu vs Aryna Sabalenka_Wimbledon_720p.mp4,708.522,racket_hit
Incredible 13 MINUTE Game | In Full | Emma Raducanu vs Aryna Sabalenka_Wimbledon_720p.mp4,710.020,racket_hit
Incredible 13 MINUTE Game | In Full | Emma Raducanu vs Aryna Sabalenka_Wimbledon_720p.mp4,711.239,racket_hit
Incredible 13 MINUTE Game | In Full | Emma Raducanu vs Aryna Sabalenka_Wimbledon_720p.mp4,712.574,racket_hit
Incredible 13 MINUTE Game | In Full | Emma Raducanu vs Aryna Sabalenka_Wimbledon_720p.mp4,713.909,racket_hit
Incredible 13 MINUTE Game | In Full | Emma Raducanu vs Aryna Sabalenka_Wimbledon_720p.mp4,715.059,racket_hit
Incredible 13 MINUTE Game | In Full | Emma Raducanu vs Aryna Sabalenka_Wimbledon_720p.mp4,716.510,racket_hit
Incredible 13 MINUTE Game | In Full | Emma Raducanu vs Aryna Sabalenka_Wimbledon_720p.mp4,750.422,racket_hit
Incredible 13 MINUTE Game | In Full | Emma Raducanu vs Aryna Sabalenka_Wimbledon_720p.mp4,751.316,racket_hit
Incredible 13 MINUTE Game | In Full | Emma Raducanu vs Aryna Sabalenka_Wimbledon_720p.mp4,752.930,racket_hit
Incredible 13 MINUTE Game | In Full | Emma Raducanu vs Aryna Sabalenka_Wimbledon_720p.mp4,754.033,racket_hit
Incredible 13 MINUTE Game | In Full | Emma Raducanu vs Aryna Sabalenka_Wimbledon_720p.mp4,775.349,ambient_noise
Incredible 13 MINUTE Game | In Full | Emma Raducanu vs Aryna Sabalenka_Wimbledon_720p.mp4,780.272,ambient_noise
Incredible 13 MINUTE Game | In Full | Emma Raducanu vs Aryna Sabalenka_Wimbledon_720p.mp4,785.903,ambient_noise
Incredible 13 MINUTE Game | In Full | Emma Raducanu vs Aryna Sabalenka_Wimbledon_720p.mp4,787.145,ambient_noise
Incredible 13 MINUTE Game | In Full | Emma Raducanu vs Aryna Sabalenka_Wimbledon_720p.mp4,789.281,racket_hit
Incredible 13 MINUTE Game | In Full | Emma Raducanu vs Aryna Sabalenka_Wimbledon_720p.mp4,790.314,racket_hit
Incredible 13 MINUTE Game | In Full | Emma Raducanu vs Aryna Sabalenka_Wimbledon_720p.mp4,791.545,racket_hit
Incredible 13 MINUTE Game | In Full | Emma Raducanu vs Aryna Sabalenka_Wimbledon_720p.mp4,792.927,racket_hit
Incredible 13 MINUTE Game | In Full | Emma Raducanu vs Aryna Sabalenka_Wimbledon_720p.mp4,793.972,racket_hit
Incredible 13 MINUTE Game | In Full | Emma Raducanu vs Aryna Sabalenka_Wimbledon_720p.mp4,819.699,grunt_speech
